{
	"name": "test-network",
	"version": "1.0.0",
	"client": {
		"tlsEnable": true,
		"adminCredential": {
			"id": "exploreradmin",
			"password": "exploreradminpw"
		},
		"enableAuthentication": true,
		"organization": "Org1MSP",
		"connection": {
			"timeout": {
				"peer": {
					"endorser": "300"
				},
				"orderer": "300"
			}
		}
	},
	"channels": {
		"mychannel": {
			"peers": {
				"peer0.org1.example.com": {}
			}
		}
	},
  "organizations": {
		"Org1MSP": {
			"mspid": "Org1MSP",
			"adminPrivateKey": {
				"path": "/etc/data/peerOrganizations/org1.example.com/users/Admin@org1.example.com/msp/keystore/priv_sk"
			},
			"peers": [
				"peer0.org1.example.com"
			],
			"signedCert": {
				"path": "/etc/data/peerOrganizations/org1.example.com/users/Admin@org1.example.com/msp/signcerts/cert.pem"
			}
		}
	},
  "peers": {
		"peer0.org1.example.com": {
			"tlsCACerts": {
				"path": "/etc/data/peerOrganizations/org1.example.com/peers/peer0.org1.example.com/tls/ca.crt"
			},
			"url": "grpcs://peer0.org1.example.com:7051"
		}
	}
}